<?xml version="1.0" encoding="UTF-8" standalone="no"?>
<DIAGRAMA ID="1" TIPO="tpConceitual" UniversalUnicID="432-D0-5986-B1-BB58-75-FE">
<InfoDiagrama ID="1">
<Versao Valor="3.2.0"/>
<Autores/>
<Observacao/>
<Width Valor="4096"/>
<Height Valor="4096"/>
<Alinhamento_v Valor="50"/>
<Alinhamento_h Valor="60"/>
<Zoom Valor="100"/>
<Fonte Estilo="1" Nome="Arial" Tamanho="12"/>
<Localizacao Left="0" Top="0"/>
<Realce Valor="false"/>
</InfoDiagrama>
<Entidade ID="5">
<Bounds Height="58" Left="779" Top="266" Width="120"/>
<DisablePainted Valor="false"/>
<Texto>FUNCIONARIO</Texto>
<Observacao/>
<Dicionario/>
<Fonte Estilo="1" Nome="Arial" Tamanho="12"/>
<Ancorado Valor="false"/>
<AtributosOcultos Valor=""/>
</Entidade>
<Entidade ID="14">
<Bounds Height="58" Left="778" Top="101" Width="120"/>
<DisablePainted Valor="false"/>
<Texto>CARGO</Texto>
<Observacao/>
<Dicionario/>
<Fonte Estilo="1" Nome="Arial" Tamanho="12"/>
<Ancorado Valor="false"/>
<AtributosOcultos Valor=""/>
</Entidade>
<Ligacao ID="17">
<DisablePainted Valor="false"/>
<Tag LinhaMestre="-1"/>
<Dashed Valor="false"/>
<Ancorado Valor="false"/>
<TemSetaPontaA Valor="false"/>
<TemSetaPontaB Valor="false"/>
<SetaAberta Valor="true"/>
<SetaLargura Valor="10"/>
<Inteligente Valor="true"/>
<Largura Valor="1"/>
<Ligacoes PontaA="18" PontaB="5"/>
<Pontos>
<Ponto Left="839" Top="234"/>
<Ponto Left="839" Top="248"/>
<Ponto Left="839" Top="248"/>
<Ponto Left="839" Top="262"/>
</Pontos>
<Cardinalidade ID="19">
<Bounds Height="15" Left="806" Top="243" Width="35"/>
<DisablePainted Valor="false"/>
<Texto>Cardinalidade_1</Texto>
<Observacao/>
<Dicionario/>
<Fonte Estilo="1" Nome="Arial" Tamanho="12"/>
<Ancorado Valor="false"/>
<TamanhoAutmatico Valor="true"/>
<Card Valor="2"/>
<MovimentacaoManual Valor="false"/>
<Papel Valor=""/>
</Cardinalidade>
</Ligacao>
<Relacionamento ID="18">
<Bounds Height="50" Left="767" Top="187" Width="150"/>
<DisablePainted Valor="false"/>
<Texto>TEM</Texto>
<Observacao/>
<Dicionario/>
<Fonte Estilo="1" Nome="Arial" Tamanho="12"/>
<Ancorado Valor="false"/>
</Relacionamento>
<Ligacao ID="20">
<DisablePainted Valor="false"/>
<Tag LinhaMestre="-1"/>
<Dashed Valor="false"/>
<Ancorado Valor="false"/>
<TemSetaPontaA Valor="false"/>
<TemSetaPontaB Valor="false"/>
<SetaAberta Valor="true"/>
<SetaLargura Valor="10"/>
<Inteligente Valor="true"/>
<Largura Valor="1"/>
<Ligacoes PontaA="14" PontaB="18"/>
<Pontos>
<Ponto Left="839" Top="156"/>
<Ponto Left="839" Top="170"/>
<Ponto Left="839" Top="170"/>
<Ponto Left="839" Top="184"/>
</Pontos>
<Cardinalidade ID="21">
<Bounds Height="15" Left="806" Top="166" Width="35"/>
<DisablePainted Valor="false"/>
<Texto>Cardinalidade_2</Texto>
<Observacao/>
<Dicionario/>
<Fonte Estilo="1" Nome="Arial" Tamanho="12"/>
<Ancorado Valor="false"/>
<TamanhoAutmatico Valor="true"/>
<Card Valor="0"/>
<MovimentacaoManual Valor="false"/>
<Papel Valor=""/>
</Cardinalidade>
</Ligacao>
<Entidade ID="27">
<Bounds Height="58" Left="506" Top="580" Width="120"/>
<DisablePainted Valor="false"/>
<Texto>MEDICAMENTO</Texto>
<Observacao/>
<Dicionario/>
<Fonte Estilo="1" Nome="Arial" Tamanho="12"/>
<Ancorado Valor="false"/>
<AtributosOcultos Valor=""/>
</Entidade>
<Entidade ID="28">
<Bounds Height="58" Left="202" Top="579" Width="120"/>
<DisablePainted Valor="false"/>
<Texto>FABRICANTE</Texto>
<Observacao/>
<Dicionario/>
<Fonte Estilo="1" Nome="Arial" Tamanho="12"/>
<Ancorado Valor="false"/>
<AtributosOcultos Valor=""/>
</Entidade>
<Ligacao ID="30">
<DisablePainted Valor="false"/>
<Tag LinhaMestre="-1"/>
<Dashed Valor="false"/>
<Ancorado Valor="false"/>
<TemSetaPontaA Valor="false"/>
<TemSetaPontaB Valor="false"/>
<SetaAberta Valor="true"/>
<SetaLargura Valor="10"/>
<Inteligente Valor="true"/>
<Largura Valor="1"/>
<Ligacoes PontaA="31" PontaB="28"/>
<Pontos>
<Ponto Left="336" Top="607"/>
<Ponto Left="327" Top="607"/>
<Ponto Left="327" Top="607"/>
<Ponto Left="320" Top="607"/>
</Pontos>
<Cardinalidade ID="32">
<Bounds Height="15" Left="330" Top="594" Width="35"/>
<DisablePainted Valor="false"/>
<Texto>Cardinalidade_3</Texto>
<Observacao/>
<Dicionario/>
<Fonte Estilo="1" Nome="Arial" Tamanho="12"/>
<Ancorado Valor="false"/>
<TamanhoAutmatico Valor="true"/>
<Card Valor="0"/>
<MovimentacaoManual Valor="false"/>
<Papel Valor=""/>
</Cardinalidade>
</Ligacao>
<Relacionamento ID="31">
<Bounds Height="50" Left="339" Top="585" Width="150"/>
<DisablePainted Valor="false"/>
<Texto>FABRICA</Texto>
<Observacao/>
<Dicionario/>
<Fonte Estilo="1" Nome="Arial" Tamanho="12"/>
<Ancorado Valor="false"/>
</Relacionamento>
<Ligacao ID="33">
<DisablePainted Valor="false"/>
<Tag LinhaMestre="-1"/>
<Dashed Valor="false"/>
<Ancorado Valor="false"/>
<TemSetaPontaA Valor="false"/>
<TemSetaPontaB Valor="false"/>
<SetaAberta Valor="true"/>
<SetaLargura Valor="10"/>
<Inteligente Valor="true"/>
<Largura Valor="1"/>
<Ligacoes PontaA="27" PontaB="31"/>
<Pontos>
<Ponto Left="502" Top="607"/>
<Ponto Left="494" Top="607"/>
<Ponto Left="494" Top="607"/>
<Ponto Left="486" Top="607"/>
</Pontos>
<Cardinalidade ID="34">
<Bounds Height="15" Left="463" Top="594" Width="35"/>
<DisablePainted Valor="false"/>
<Texto>Cardinalidade_4</Texto>
<Observacao/>
<Dicionario/>
<Fonte Estilo="1" Nome="Arial" Tamanho="12"/>
<Ancorado Valor="false"/>
<TamanhoAutmatico Valor="true"/>
<Card Valor="2"/>
<MovimentacaoManual Valor="false"/>
<Papel Valor=""/>
</Cardinalidade>
</Ligacao>
<Entidade ID="65">
<Bounds Height="58" Left="510" Top="356" Width="120"/>
<DisablePainted Valor="false"/>
<Texto>PEDIDO</Texto>
<Observacao/>
<Dicionario/>
<Fonte Estilo="1" Nome="Arial" Tamanho="12"/>
<Ancorado Valor="false"/>
<AtributosOcultos Valor=""/>
</Entidade>
<Entidade ID="67">
<Bounds Height="58" Left="258" Top="191" Width="120"/>
<DisablePainted Valor="false"/>
<Texto>CLIENTE</Texto>
<Observacao/>
<Dicionario/>
<Fonte Estilo="1" Nome="Arial" Tamanho="12"/>
<Ancorado Valor="false"/>
<AtributosOcultos Valor=""/>
</Entidade>
<Ligacao ID="71">
<DisablePainted Valor="false"/>
<Tag LinhaMestre="-1"/>
<Dashed Valor="false"/>
<Ancorado Valor="false"/>
<TemSetaPontaA Valor="false"/>
<TemSetaPontaB Valor="false"/>
<SetaAberta Valor="true"/>
<SetaLargura Valor="10"/>
<Inteligente Valor="true"/>
<Largura Valor="1"/>
<Ligacoes PontaA="72" PontaB="67"/>
<Pontos>
<Ponto Left="328" Top="327"/>
<Ponto Left="316" Top="327"/>
<Ponto Left="316" Top="246"/>
</Pontos>
<Cardinalidade ID="73">
<Bounds Height="15" Left="283" Top="256" Width="35"/>
<DisablePainted Valor="false"/>
<Texto>Cardinalidade_7</Texto>
<Observacao/>
<Dicionario/>
<Fonte Estilo="1" Nome="Arial" Tamanho="12"/>
<Ancorado Valor="false"/>
<TamanhoAutmatico Valor="true"/>
<Card Valor="0"/>
<MovimentacaoManual Valor="false"/>
<Papel Valor=""/>
</Cardinalidade>
</Ligacao>
<Relacionamento ID="72">
<Bounds Height="50" Left="331" Top="305" Width="150"/>
<DisablePainted Valor="false"/>
<Texto>FAZ</Texto>
<Observacao/>
<Dicionario/>
<Fonte Estilo="1" Nome="Arial" Tamanho="12"/>
<Ancorado Valor="false"/>
</Relacionamento>
<Ligacao ID="74">
<DisablePainted Valor="false"/>
<Tag LinhaMestre="-1"/>
<Dashed Valor="false"/>
<Ancorado Valor="false"/>
<TemSetaPontaA Valor="false"/>
<TemSetaPontaB Valor="false"/>
<SetaAberta Valor="true"/>
<SetaLargura Valor="10"/>
<Inteligente Valor="true"/>
<Largura Valor="1"/>
<Ligacoes PontaA="65" PontaB="72"/>
<Pontos>
<Ponto Left="506" Top="383"/>
<Ponto Left="492" Top="383"/>
<Ponto Left="492" Top="327"/>
<Ponto Left="478" Top="327"/>
</Pontos>
<Cardinalidade ID="75">
<Bounds Height="15" Left="467" Top="370" Width="35"/>
<DisablePainted Valor="false"/>
<Texto>Cardinalidade_8</Texto>
<Observacao/>
<Dicionario/>
<Fonte Estilo="1" Nome="Arial" Tamanho="12"/>
<Ancorado Valor="false"/>
<TamanhoAutmatico Valor="true"/>
<Card Valor="2"/>
<MovimentacaoManual Valor="false"/>
<Papel Valor=""/>
</Cardinalidade>
</Ligacao>
<Ligacao ID="82">
<DisablePainted Valor="false"/>
<Tag LinhaMestre="-1"/>
<Dashed Valor="false"/>
<Ancorado Valor="false"/>
<TemSetaPontaA Valor="false"/>
<TemSetaPontaB Valor="false"/>
<SetaAberta Valor="true"/>
<SetaLargura Valor="10"/>
<Inteligente Valor="true"/>
<Largura Valor="1"/>
<Ligacoes PontaA="83" PontaB="65"/>
<Pontos>
<Ponto Left="569" Top="469"/>
<Ponto Left="569" Top="440"/>
<Ponto Left="569" Top="440"/>
<Ponto Left="569" Top="411"/>
</Pontos>
<Cardinalidade ID="84">
<Bounds Height="15" Left="535" Top="421" Width="35"/>
<DisablePainted Valor="false"/>
<Texto>Cardinalidade_9</Texto>
<Observacao/>
<Dicionario/>
<Fonte Estilo="1" Nome="Arial" Tamanho="12"/>
<Ancorado Valor="false"/>
<TamanhoAutmatico Valor="true"/>
<Card Valor="2"/>
<MovimentacaoManual Valor="false"/>
<Papel Valor=""/>
</Cardinalidade>
</Ligacao>
<Relacionamento ID="83">
<Bounds Height="50" Left="497" Top="472" Width="150"/>
<DisablePainted Valor="false"/>
<Texto>INCLUIR</Texto>
<Observacao/>
<Dicionario/>
<Fonte Estilo="1" Nome="Arial" Tamanho="12"/>
<Ancorado Valor="false"/>
</Relacionamento>
<Ligacao ID="85">
<DisablePainted Valor="false"/>
<Tag LinhaMestre="-1"/>
<Dashed Valor="false"/>
<Ancorado Valor="false"/>
<TemSetaPontaA Valor="false"/>
<TemSetaPontaB Valor="false"/>
<SetaAberta Valor="true"/>
<SetaLargura Valor="10"/>
<Inteligente Valor="true"/>
<Largura Valor="1"/>
<Ligacoes PontaA="27" PontaB="83"/>
<Pontos>
<Ponto Left="569" Top="576"/>
<Ponto Left="569" Top="548"/>
<Ponto Left="569" Top="548"/>
<Ponto Left="569" Top="519"/>
</Pontos>
<Cardinalidade ID="86">
<Bounds Height="15" Left="536" Top="557" Width="35"/>
<DisablePainted Valor="false"/>
<Texto>Cardinalidade_10</Texto>
<Observacao/>
<Dicionario/>
<Fonte Estilo="1" Nome="Arial" Tamanho="12"/>
<Ancorado Valor="false"/>
<TamanhoAutmatico Valor="true"/>
<Card Valor="2"/>
<MovimentacaoManual Valor="false"/>
<Papel Valor=""/>
</Cardinalidade>
</Ligacao>
<Ligacao ID="122">
<DisablePainted Valor="false"/>
<Tag LinhaMestre="-1"/>
<Dashed Valor="false"/>
<Ancorado Valor="false"/>
<TemSetaPontaA Valor="false"/>
<TemSetaPontaB Valor="false"/>
<SetaAberta Valor="true"/>
<SetaLargura Valor="10"/>
<Inteligente Valor="true"/>
<Largura Valor="1"/>
<Ligacoes PontaA="123" PontaB="5"/>
<Pontos>
<Ponto Left="804" Top="385"/>
<Ponto Left="835" Top="385"/>
<Ponto Left="835" Top="321"/>
</Pontos>
<Cardinalidade ID="124">
<Bounds Height="15" Left="802" Top="331" Width="35"/>
<DisablePainted Valor="false"/>
<Texto>Cardinalidade_5</Texto>
<Observacao/>
<Dicionario/>
<Fonte Estilo="1" Nome="Arial" Tamanho="12"/>
<Ancorado Valor="false"/>
<TamanhoAutmatico Valor="true"/>
<Card Valor="0"/>
<MovimentacaoManual Valor="false"/>
<Papel Valor=""/>
</Cardinalidade>
</Ligacao>
<Relacionamento ID="123">
<Bounds Height="50" Left="657" Top="363" Width="150"/>
<DisablePainted Valor="false"/>
<Texto>AUXILIA</Texto>
<Observacao/>
<Dicionario/>
<Fonte Estilo="1" Nome="Arial" Tamanho="12"/>
<Ancorado Valor="false"/>
</Relacionamento>
<Ligacao ID="125">
<DisablePainted Valor="false"/>
<Tag LinhaMestre="-1"/>
<Dashed Valor="false"/>
<Ancorado Valor="false"/>
<TemSetaPontaA Valor="false"/>
<TemSetaPontaB Valor="false"/>
<SetaAberta Valor="true"/>
<SetaLargura Valor="10"/>
<Inteligente Valor="true"/>
<Largura Valor="1"/>
<Ligacoes PontaA="65" PontaB="123"/>
<Pontos>
<Ponto Left="627" Top="385"/>
<Ponto Left="640" Top="385"/>
<Ponto Left="640" Top="385"/>
<Ponto Left="654" Top="385"/>
</Pontos>
<Cardinalidade ID="126">
<Bounds Height="15" Left="637" Top="372" Width="35"/>
<DisablePainted Valor="false"/>
<Texto>Cardinalidade_6</Texto>
<Observacao/>
<Dicionario/>
<Fonte Estilo="1" Nome="Arial" Tamanho="12"/>
<Ancorado Valor="false"/>
<TamanhoAutmatico Valor="true"/>
<Card Valor="2"/>
<MovimentacaoManual Valor="false"/>
<Papel Valor=""/>
</Cardinalidade>
</Ligacao>
<Atributo ID="133">
<Bounds Height="14" Left="156" Top="165" Width="77"/>
<DisablePainted Valor="false"/>
<Texto>id_cliente</Texto>
<Observacao/>
<Dicionario/>
<Fonte Estilo="1" Nome="Arial" Tamanho="12"/>
<Ancorado Valor="false"/>
<DirecaoFromInspector Valor="1"/>
<Autosize Valor="true"/>
<Identificador Valor="true"/>
<Opcional Valor="false"/>
<Multivalorado Valor="false"/>
<CardMinFromString Valor="1"/>
<CardMaxFromString Valor="n"/>
<TipoAtributo Valor="INTEGER"/>
</Atributo>
<Ligacao ID="134">
<DisablePainted Valor="false"/>
<Tag LinhaMestre="-1"/>
<Dashed Valor="false"/>
<Ancorado Valor="false"/>
<TemSetaPontaA Valor="false"/>
<TemSetaPontaB Valor="false"/>
<SetaAberta Valor="true"/>
<SetaLargura Valor="10"/>
<Inteligente Valor="true"/>
<Largura Valor="1"/>
<Ligacoes PontaA="133" PontaB="67"/>
<Pontos>
<Ponto Left="231" Top="169"/>
<Ponto Left="266" Top="169"/>
<Ponto Left="266" Top="187"/>
</Pontos>
</Ligacao>
<Atributo ID="139">
<Bounds Height="14" Left="192" Top="199" Width="40"/>
<DisablePainted Valor="false"/>
<Texto>cpf</Texto>
<Observacao/>
<Dicionario/>
<Fonte Estilo="1" Nome="Arial" Tamanho="12"/>
<Ancorado Valor="false"/>
<DirecaoFromInspector Valor="1"/>
<Autosize Valor="true"/>
<Identificador Valor="false"/>
<Opcional Valor="false"/>
<Multivalorado Valor="false"/>
<CardMinFromString Valor="1"/>
<CardMaxFromString Valor="n"/>
<TipoAtributo Valor="VARCHAR(11)"/>
</Atributo>
<Ligacao ID="140">
<DisablePainted Valor="false"/>
<Tag LinhaMestre="-1"/>
<Dashed Valor="false"/>
<Ancorado Valor="false"/>
<TemSetaPontaA Valor="false"/>
<TemSetaPontaB Valor="false"/>
<SetaAberta Valor="true"/>
<SetaLargura Valor="10"/>
<Inteligente Valor="true"/>
<Largura Valor="1"/>
<Ligacoes PontaA="67" PontaB="139"/>
<Pontos>
<Ponto Left="254" Top="203"/>
<Ponto Left="242" Top="203"/>
<Ponto Left="242" Top="203"/>
<Ponto Left="230" Top="203"/>
</Pontos>
</Ligacao>
<Atributo ID="143">
<Bounds Height="14" Left="178" Top="181" Width="54"/>
<DisablePainted Valor="false"/>
<Texto>nome</Texto>
<Observacao/>
<Dicionario/>
<Fonte Estilo="1" Nome="Arial" Tamanho="12"/>
<Ancorado Valor="false"/>
<DirecaoFromInspector Valor="1"/>
<Autosize Valor="true"/>
<Identificador Valor="false"/>
<Opcional Valor="false"/>
<Multivalorado Valor="false"/>
<CardMinFromString Valor="1"/>
<CardMaxFromString Valor="n"/>
<TipoAtributo Valor="VARCHAR(256)"/>
</Atributo>
<Ligacao ID="158">
<DisablePainted Valor="false"/>
<Tag LinhaMestre="-1"/>
<Dashed Valor="false"/>
<Ancorado Valor="false"/>
<TemSetaPontaA Valor="false"/>
<TemSetaPontaB Valor="false"/>
<SetaAberta Valor="true"/>
<SetaLargura Valor="10"/>
<Inteligente Valor="true"/>
<Largura Valor="1"/>
<Ligacoes PontaA="67" PontaB="143"/>
<Pontos>
<Ponto Left="259" Top="187"/>
<Ponto Left="259" Top="178"/>
<Ponto Left="242" Top="178"/>
<Ponto Left="242" Top="185"/>
<Ponto Left="230" Top="185"/>
</Pontos>
</Ligacao>
<Atributo ID="163">
<Bounds Height="14" Left="923" Top="91" Width="72"/>
<DisablePainted Valor="false"/>
<Texto>id_cargo</Texto>
<Observacao/>
<Dicionario/>
<Fonte Estilo="1" Nome="Arial" Tamanho="12"/>
<Ancorado Valor="false"/>
<DirecaoFromInspector Valor="0"/>
<Autosize Valor="true"/>
<Identificador Valor="true"/>
<Opcional Valor="false"/>
<Multivalorado Valor="false"/>
<CardMinFromString Valor="1"/>
<CardMaxFromString Valor="n"/>
<TipoAtributo Valor="INTEGER"/>
</Atributo>
<Atributo ID="166">
<Bounds Height="14" Left="923" Top="107" Width="94"/>
<DisablePainted Valor="false"/>
<Texto>nome_cargo</Texto>
<Observacao/>
<Dicionario/>
<Fonte Estilo="1" Nome="Arial" Tamanho="12"/>
<Ancorado Valor="false"/>
<DirecaoFromInspector Valor="0"/>
<Autosize Valor="true"/>
<Identificador Valor="false"/>
<Opcional Valor="false"/>
<Multivalorado Valor="false"/>
<CardMinFromString Valor="1"/>
<CardMaxFromString Valor="n"/>
<TipoAtributo Valor="VARCHAR(100)"/>
</Atributo>
<Ligacao ID="167">
<DisablePainted Valor="false"/>
<Tag LinhaMestre="-1"/>
<Dashed Valor="false"/>
<Ancorado Valor="false"/>
<TemSetaPontaA Valor="false"/>
<TemSetaPontaB Valor="false"/>
<SetaAberta Valor="true"/>
<SetaLargura Valor="10"/>
<Inteligente Valor="true"/>
<Largura Valor="1"/>
<Ligacoes PontaA="166" PontaB="14"/>
<Pontos>
<Ponto Left="920" Top="111"/>
<Ponto Left="907" Top="111"/>
<Ponto Left="907" Top="111"/>
<Ponto Left="895" Top="111"/>
</Pontos>
</Ligacao>
<Ligacao ID="179">
<DisablePainted Valor="false"/>
<Tag LinhaMestre="-1"/>
<Dashed Valor="false"/>
<Ancorado Valor="false"/>
<TemSetaPontaA Valor="false"/>
<TemSetaPontaB Valor="false"/>
<SetaAberta Valor="true"/>
<SetaLargura Valor="10"/>
<Inteligente Valor="true"/>
<Largura Valor="1"/>
<Ligacoes PontaA="14" PontaB="163"/>
<Pontos>
<Ponto Left="895" Top="108"/>
<Ponto Left="907" Top="108"/>
<Ponto Left="907" Top="95"/>
<Ponto Left="920" Top="95"/>
</Pontos>
</Ligacao>
<Atributo ID="180">
<Bounds Height="14" Left="922" Top="124" Width="103"/>
<DisablePainted Valor="false"/>
<Texto>carga_horaria</Texto>
<Observacao/>
<Dicionario/>
<Fonte Estilo="1" Nome="Arial" Tamanho="12"/>
<Ancorado Valor="false"/>
<DirecaoFromInspector Valor="0"/>
<Autosize Valor="true"/>
<Identificador Valor="false"/>
<Opcional Valor="false"/>
<Multivalorado Valor="false"/>
<CardMinFromString Valor="1"/>
<CardMaxFromString Valor="n"/>
<TipoAtributo Valor="INTEGER"/>
</Atributo>
<Ligacao ID="181">
<DisablePainted Valor="false"/>
<Tag LinhaMestre="-1"/>
<Dashed Valor="false"/>
<Ancorado Valor="false"/>
<TemSetaPontaA Valor="false"/>
<TemSetaPontaB Valor="false"/>
<SetaAberta Valor="true"/>
<SetaLargura Valor="10"/>
<Inteligente Valor="true"/>
<Largura Valor="1"/>
<Ligacoes PontaA="180" PontaB="14"/>
<Pontos>
<Ponto Left="918" Top="128"/>
<Ponto Left="907" Top="128"/>
<Ponto Left="907" Top="128"/>
<Ponto Left="895" Top="128"/>
</Pontos>
</Ligacao>
<Atributo ID="186">
<Bounds Height="14" Left="111" Top="216" Width="121"/>
<DisablePainted Valor="false"/>
<Texto>data_nascimento</Texto>
<Observacao/>
<Dicionario/>
<Fonte Estilo="1" Nome="Arial" Tamanho="12"/>
<Ancorado Valor="false"/>
<DirecaoFromInspector Valor="1"/>
<Autosize Valor="true"/>
<Identificador Valor="false"/>
<Opcional Valor="false"/>
<Multivalorado Valor="false"/>
<CardMinFromString Valor="1"/>
<CardMaxFromString Valor="n"/>
<TipoAtributo Valor="DATE"/>
</Atributo>
<Ligacao ID="187">
<DisablePainted Valor="false"/>
<Tag LinhaMestre="-1"/>
<Dashed Valor="false"/>
<Ancorado Valor="false"/>
<TemSetaPontaA Valor="false"/>
<TemSetaPontaB Valor="false"/>
<SetaAberta Valor="true"/>
<SetaLargura Valor="10"/>
<Inteligente Valor="true"/>
<Largura Valor="1"/>
<Ligacoes PontaA="67" PontaB="186"/>
<Pontos>
<Ponto Left="254" Top="220"/>
<Ponto Left="242" Top="220"/>
<Ponto Left="242" Top="220"/>
<Ponto Left="230" Top="220"/>
</Pontos>
</Ligacao>
<Atributo ID="196">
<Bounds Height="14" Left="126" Top="233" Width="105"/>
<DisablePainted Valor="false"/>
<Texto>data_cadastro</Texto>
<Observacao/>
<Dicionario/>
<Fonte Estilo="1" Nome="Arial" Tamanho="12"/>
<Ancorado Valor="false"/>
<DirecaoFromInspector Valor="1"/>
<Autosize Valor="true"/>
<Identificador Valor="false"/>
<Opcional Valor="false"/>
<Multivalorado Valor="false"/>
<CardMinFromString Valor="1"/>
<CardMaxFromString Valor="n"/>
<TipoAtributo Valor="DATE"/>
</Atributo>
<Ligacao ID="197">
<DisablePainted Valor="false"/>
<Tag LinhaMestre="-1"/>
<Dashed Valor="false"/>
<Ancorado Valor="false"/>
<TemSetaPontaA Valor="false"/>
<TemSetaPontaB Valor="false"/>
<SetaAberta Valor="true"/>
<SetaLargura Valor="10"/>
<Inteligente Valor="true"/>
<Largura Valor="1"/>
<Ligacoes PontaA="67" PontaB="196"/>
<Pontos>
<Ponto Left="254" Top="237"/>
<Ponto Left="241" Top="237"/>
<Ponto Left="241" Top="237"/>
<Ponto Left="228" Top="237"/>
</Pontos>
</Ligacao>
<Atributo ID="201">
<Bounds Height="14" Left="162" Top="250" Width="68"/>
<DisablePainted Valor="false"/>
<Texto>telefone</Texto>
<Observacao/>
<Dicionario/>
<Fonte Estilo="1" Nome="Arial" Tamanho="12"/>
<Ancorado Valor="false"/>
<DirecaoFromInspector Valor="1"/>
<Autosize Valor="true"/>
<Identificador Valor="false"/>
<Opcional Valor="false"/>
<Multivalorado Valor="false"/>
<CardMinFromString Valor="1"/>
<CardMaxFromString Valor="n"/>
<TipoAtributo Valor="VARCHAR(11)"/>
</Atributo>
<Ligacao ID="202">
<DisablePainted Valor="false"/>
<Tag LinhaMestre="-1"/>
<Dashed Valor="false"/>
<Ancorado Valor="false"/>
<TemSetaPontaA Valor="false"/>
<TemSetaPontaB Valor="false"/>
<SetaAberta Valor="true"/>
<SetaLargura Valor="10"/>
<Inteligente Valor="true"/>
<Largura Valor="1"/>
<Ligacoes PontaA="201" PontaB="67"/>
<Pontos>
<Ponto Left="228" Top="254"/>
<Ponto Left="266" Top="254"/>
<Ponto Left="266" Top="246"/>
</Pontos>
</Ligacao>
<Atributo ID="211">
<Bounds Height="14" Left="177" Top="267" Width="53"/>
<DisablePainted Valor="false"/>
<Texto>email</Texto>
<Observacao/>
<Dicionario/>
<Fonte Estilo="1" Nome="Arial" Tamanho="12"/>
<Ancorado Valor="false"/>
<DirecaoFromInspector Valor="1"/>
<Autosize Valor="true"/>
<Identificador Valor="false"/>
<Opcional Valor="false"/>
<Multivalorado Valor="false"/>
<CardMinFromString Valor="1"/>
<CardMaxFromString Valor="n"/>
<TipoAtributo Valor="VARCHAR(100)"/>
</Atributo>
<Ligacao ID="212">
<DisablePainted Valor="false"/>
<Tag LinhaMestre="-1"/>
<Dashed Valor="false"/>
<Ancorado Valor="false"/>
<TemSetaPontaA Valor="false"/>
<TemSetaPontaB Valor="false"/>
<SetaAberta Valor="true"/>
<SetaLargura Valor="10"/>
<Inteligente Valor="true"/>
<Largura Valor="1"/>
<Ligacoes PontaA="211" PontaB="67"/>
<Pontos>
<Ponto Left="228" Top="271"/>
<Ponto Left="273" Top="271"/>
<Ponto Left="273" Top="246"/>
</Pontos>
</Ligacao>
<Atributo ID="214">
<Bounds Height="14" Left="153" Top="284" Width="76"/>
<DisablePainted Valor="false"/>
<Texto>endereco</Texto>
<Observacao/>
<Dicionario/>
<Fonte Estilo="1" Nome="Arial" Tamanho="12"/>
<Ancorado Valor="false"/>
<DirecaoFromInspector Valor="1"/>
<Autosize Valor="true"/>
<Identificador Valor="false"/>
<Opcional Valor="false"/>
<Multivalorado Valor="false"/>
<CardMinFromString Valor="1"/>
<CardMaxFromString Valor="n"/>
<TipoAtributo Valor="VARCHAR(256)"/>
</Atributo>
<Ligacao ID="215">
<DisablePainted Valor="false"/>
<Tag LinhaMestre="-1"/>
<Dashed Valor="false"/>
<Ancorado Valor="false"/>
<TemSetaPontaA Valor="false"/>
<TemSetaPontaB Valor="false"/>
<SetaAberta Valor="true"/>
<SetaLargura Valor="10"/>
<Inteligente Valor="true"/>
<Largura Valor="1"/>
<Ligacoes PontaA="214" PontaB="67"/>
<Pontos>
<Ponto Left="227" Top="288"/>
<Ponto Left="282" Top="288"/>
<Ponto Left="282" Top="246"/>
</Pontos>
</Ligacao>
<Atributo ID="224">
<Bounds Height="14" Left="128" Top="580" Width="54"/>
<DisablePainted Valor="false"/>
<Texto>nome</Texto>
<Observacao/>
<Dicionario/>
<Fonte Estilo="1" Nome="Arial" Tamanho="12"/>
<Ancorado Valor="false"/>
<DirecaoFromInspector Valor="1"/>
<Autosize Valor="true"/>
<Identificador Valor="false"/>
<Opcional Valor="false"/>
<Multivalorado Valor="false"/>
<CardMinFromString Valor="1"/>
<CardMaxFromString Valor="n"/>
<TipoAtributo Valor="VARCHAR(256)"/>
</Atributo>
<Ligacao ID="225">
<DisablePainted Valor="false"/>
<Tag LinhaMestre="-1"/>
<Dashed Valor="false"/>
<Ancorado Valor="false"/>
<TemSetaPontaA Valor="false"/>
<TemSetaPontaB Valor="false"/>
<SetaAberta Valor="true"/>
<SetaLargura Valor="10"/>
<Inteligente Valor="true"/>
<Largura Valor="1"/>
<Ligacoes PontaA="28" PontaB="224"/>
<Pontos>
<Ponto Left="198" Top="584"/>
<Ponto Left="189" Top="584"/>
<Ponto Left="189" Top="584"/>
<Ponto Left="180" Top="584"/>
</Pontos>
</Ligacao>
<Atributo ID="226">
<Bounds Height="14" Left="115" Top="598" Width="68"/>
<DisablePainted Valor="false"/>
<Texto>telefone</Texto>
<Observacao/>
<Dicionario/>
<Fonte Estilo="1" Nome="Arial" Tamanho="12"/>
<Ancorado Valor="false"/>
<DirecaoFromInspector Valor="1"/>
<Autosize Valor="true"/>
<Identificador Valor="false"/>
<Opcional Valor="false"/>
<Multivalorado Valor="false"/>
<CardMinFromString Valor="1"/>
<CardMaxFromString Valor="n"/>
<TipoAtributo Valor="VARCHAR(11)"/>
</Atributo>
<Ligacao ID="227">
<DisablePainted Valor="false"/>
<Tag LinhaMestre="-1"/>
<Dashed Valor="false"/>
<Ancorado Valor="false"/>
<TemSetaPontaA Valor="false"/>
<TemSetaPontaB Valor="false"/>
<SetaAberta Valor="true"/>
<SetaLargura Valor="10"/>
<Inteligente Valor="true"/>
<Largura Valor="1"/>
<Ligacoes PontaA="28" PontaB="226"/>
<Pontos>
<Ponto Left="198" Top="602"/>
<Ponto Left="189" Top="602"/>
<Ponto Left="189" Top="602"/>
<Ponto Left="181" Top="602"/>
</Pontos>
</Ligacao>
<Atributo ID="228">
<Bounds Height="14" Left="130" Top="615" Width="53"/>
<DisablePainted Valor="false"/>
<Texto>email</Texto>
<Observacao/>
<Dicionario/>
<Fonte Estilo="1" Nome="Arial" Tamanho="12"/>
<Ancorado Valor="false"/>
<DirecaoFromInspector Valor="1"/>
<Autosize Valor="true"/>
<Identificador Valor="false"/>
<Opcional Valor="false"/>
<Multivalorado Valor="false"/>
<CardMinFromString Valor="1"/>
<CardMaxFromString Valor="n"/>
<TipoAtributo Valor="VARCHAR(100)"/>
</Atributo>
<Ligacao ID="229">
<DisablePainted Valor="false"/>
<Tag LinhaMestre="-1"/>
<Dashed Valor="false"/>
<Ancorado Valor="false"/>
<TemSetaPontaA Valor="false"/>
<TemSetaPontaB Valor="false"/>
<SetaAberta Valor="true"/>
<SetaLargura Valor="10"/>
<Inteligente Valor="true"/>
<Largura Valor="1"/>
<Ligacoes PontaA="-1" PontaB="228"/>
<Pontos>
<Ponto Left="198" Top="619"/>
<Ponto Left="189" Top="619"/>
<Ponto Left="189" Top="619"/>
<Ponto Left="181" Top="619"/>
</Pontos>
</Ligacao>
<Atributo ID="230">
<Bounds Height="14" Left="138" Top="631" Width="46"/>
<DisablePainted Valor="false"/>
<Texto>cnpj</Texto>
<Observacao/>
<Dicionario/>
<Fonte Estilo="1" Nome="Arial" Tamanho="12"/>
<Ancorado Valor="false"/>
<DirecaoFromInspector Valor="1"/>
<Autosize Valor="true"/>
<Identificador Valor="false"/>
<Opcional Valor="false"/>
<Multivalorado Valor="false"/>
<CardMinFromString Valor="1"/>
<CardMaxFromString Valor="n"/>
<TipoAtributo Valor="VARCHAR(16)"/>
</Atributo>
<Ligacao ID="231">
<DisablePainted Valor="false"/>
<Tag LinhaMestre="-1"/>
<Dashed Valor="false"/>
<Ancorado Valor="false"/>
<TemSetaPontaA Valor="false"/>
<TemSetaPontaB Valor="false"/>
<SetaAberta Valor="true"/>
<SetaLargura Valor="10"/>
<Inteligente Valor="true"/>
<Largura Valor="1"/>
<Ligacoes PontaA="230" PontaB="28"/>
<Pontos>
<Ponto Left="181" Top="635"/>
<Ponto Left="205" Top="635"/>
<Ponto Left="205" Top="634"/>
</Pontos>
</Ligacao>
<Atributo ID="232">
<Bounds Height="14" Left="84" Top="562" Width="97"/>
<DisablePainted Valor="false"/>
<Texto>id_fabricante</Texto>
<Observacao/>
<Dicionario/>
<Fonte Estilo="1" Nome="Arial" Tamanho="12"/>
<Ancorado Valor="false"/>
<DirecaoFromInspector Valor="1"/>
<Autosize Valor="true"/>
<Identificador Valor="true"/>
<Opcional Valor="false"/>
<Multivalorado Valor="false"/>
<CardMinFromString Valor="1"/>
<CardMaxFromString Valor="n"/>
<TipoAtributo Valor="INTEGER"/>
</Atributo>
<Ligacao ID="233">
<DisablePainted Valor="false"/>
<Tag LinhaMestre="-1"/>
<Dashed Valor="false"/>
<Ancorado Valor="false"/>
<TemSetaPontaA Valor="false"/>
<TemSetaPontaB Valor="false"/>
<SetaAberta Valor="true"/>
<SetaLargura Valor="10"/>
<Inteligente Valor="true"/>
<Largura Valor="1"/>
<Ligacoes PontaA="232" PontaB="28"/>
<Pontos>
<Ponto Left="179" Top="566"/>
<Ponto Left="209" Top="566"/>
<Ponto Left="209" Top="575"/>
</Pontos>
</Ligacao>
<Atributo ID="237">
<Bounds Height="14" Left="108" Top="647" Width="76"/>
<DisablePainted Valor="false"/>
<Texto>endereco</Texto>
<Observacao/>
<Dicionario/>
<Fonte Estilo="1" Nome="Arial" Tamanho="12"/>
<Ancorado Valor="false"/>
<DirecaoFromInspector Valor="1"/>
<Autosize Valor="true"/>
<Identificador Valor="false"/>
<Opcional Valor="false"/>
<Multivalorado Valor="false"/>
<CardMinFromString Valor="1"/>
<CardMaxFromString Valor="n"/>
<TipoAtributo Valor="VARCHAR(256)"/>
</Atributo>
<Ligacao ID="238">
<DisablePainted Valor="false"/>
<Tag LinhaMestre="-1"/>
<Dashed Valor="false"/>
<Ancorado Valor="false"/>
<TemSetaPontaA Valor="false"/>
<TemSetaPontaB Valor="false"/>
<SetaAberta Valor="true"/>
<SetaLargura Valor="10"/>
<Inteligente Valor="true"/>
<Largura Valor="1"/>
<Ligacoes PontaA="237" PontaB="28"/>
<Pontos>
<Ponto Left="182" Top="651"/>
<Ponto Left="215" Top="651"/>
<Ponto Left="215" Top="634"/>
</Pontos>
</Ligacao>
<Atributo ID="256">
<Bounds Height="14" Left="645" Top="579" Width="54"/>
<DisablePainted Valor="false"/>
<Texto>nome</Texto>
<Observacao/>
<Dicionario/>
<Fonte Estilo="1" Nome="Arial" Tamanho="12"/>
<Ancorado Valor="false"/>
<DirecaoFromInspector Valor="0"/>
<Autosize Valor="true"/>
<Identificador Valor="false"/>
<Opcional Valor="false"/>
<Multivalorado Valor="false"/>
<CardMinFromString Valor="1"/>
<CardMaxFromString Valor="n"/>
<TipoAtributo Valor="VARCHAR(256)"/>
</Atributo>
<Ligacao ID="257">
<DisablePainted Valor="false"/>
<Tag LinhaMestre="-1"/>
<Dashed Valor="false"/>
<Ancorado Valor="false"/>
<TemSetaPontaA Valor="false"/>
<TemSetaPontaB Valor="false"/>
<SetaAberta Valor="true"/>
<SetaLargura Valor="10"/>
<Inteligente Valor="true"/>
<Largura Valor="1"/>
<Ligacoes PontaA="256" PontaB="27"/>
<Pontos>
<Ponto Left="641" Top="583"/>
<Ponto Left="632" Top="583"/>
<Ponto Left="632" Top="583"/>
<Ponto Left="623" Top="583"/>
</Pontos>
</Ligacao>
<Atributo ID="258">
<Bounds Height="14" Left="645" Top="561" Width="117"/>
<DisablePainted Valor="false"/>
<Texto>id_medicamento</Texto>
<Observacao/>
<Dicionario/>
<Fonte Estilo="1" Nome="Arial" Tamanho="12"/>
<Ancorado Valor="false"/>
<DirecaoFromInspector Valor="0"/>
<Autosize Valor="true"/>
<Identificador Valor="true"/>
<Opcional Valor="false"/>
<Multivalorado Valor="false"/>
<CardMinFromString Valor="1"/>
<CardMaxFromString Valor="n"/>
<TipoAtributo Valor="INTEGER"/>
</Atributo>
<Ligacao ID="259">
<DisablePainted Valor="false"/>
<Tag LinhaMestre="-1"/>
<Dashed Valor="false"/>
<Ancorado Valor="false"/>
<TemSetaPontaA Valor="false"/>
<TemSetaPontaB Valor="false"/>
<SetaAberta Valor="true"/>
<SetaLargura Valor="10"/>
<Inteligente Valor="true"/>
<Largura Valor="1"/>
<Ligacoes PontaA="258" PontaB="27"/>
<Pontos>
<Ponto Left="642" Top="565"/>
<Ponto Left="611" Top="565"/>
<Ponto Left="611" Top="576"/>
</Pontos>
</Ligacao>
<Atributo ID="260">
<Bounds Height="14" Left="645" Top="600" Width="102"/>
<DisablePainted Valor="false"/>
<Texto>valor_unidade</Texto>
<Observacao/>
<Dicionario/>
<Fonte Estilo="1" Nome="Arial" Tamanho="12"/>
<Ancorado Valor="false"/>
<DirecaoFromInspector Valor="0"/>
<Autosize Valor="true"/>
<Identificador Valor="false"/>
<Opcional Valor="false"/>
<Multivalorado Valor="false"/>
<CardMinFromString Valor="1"/>
<CardMaxFromString Valor="n"/>
<TipoAtributo Valor="DOUBLE"/>
</Atributo>
<Ligacao ID="261">
<DisablePainted Valor="false"/>
<Tag LinhaMestre="-1"/>
<Dashed Valor="false"/>
<Ancorado Valor="false"/>
<TemSetaPontaA Valor="false"/>
<TemSetaPontaB Valor="false"/>
<SetaAberta Valor="true"/>
<SetaLargura Valor="10"/>
<Inteligente Valor="true"/>
<Largura Valor="1"/>
<Ligacoes PontaA="260" PontaB="27"/>
<Pontos>
<Ponto Left="641" Top="604"/>
<Ponto Left="632" Top="604"/>
<Ponto Left="632" Top="604"/>
<Ponto Left="623" Top="604"/>
</Pontos>
</Ligacao>
<Atributo ID="262">
<Bounds Height="14" Left="645" Top="619" Width="68"/>
<DisablePainted Valor="false"/>
<Texto>estoque</Texto>
<Observacao/>
<Dicionario/>
<Fonte Estilo="1" Nome="Arial" Tamanho="12"/>
<Ancorado Valor="false"/>
<DirecaoFromInspector Valor="0"/>
<Autosize Valor="true"/>
<Identificador Valor="false"/>
<Opcional Valor="false"/>
<Multivalorado Valor="false"/>
<CardMinFromString Valor="1"/>
<CardMaxFromString Valor="n"/>
<TipoAtributo Valor="INTEGER"/>
</Atributo>
<Ligacao ID="263">
<DisablePainted Valor="false"/>
<Tag LinhaMestre="-1"/>
<Dashed Valor="false"/>
<Ancorado Valor="false"/>
<TemSetaPontaA Valor="false"/>
<TemSetaPontaB Valor="false"/>
<SetaAberta Valor="true"/>
<SetaLargura Valor="10"/>
<Inteligente Valor="true"/>
<Largura Valor="1"/>
<Ligacoes PontaA="262" PontaB="27"/>
<Pontos>
<Ponto Left="641" Top="623"/>
<Ponto Left="632" Top="623"/>
<Ponto Left="632" Top="623"/>
<Ponto Left="623" Top="623"/>
</Pontos>
</Ligacao>
<Atributo ID="278">
<Bounds Height="14" Left="948" Top="246" Width="54"/>
<DisablePainted Valor="false"/>
<Texto>nome</Texto>
<Observacao/>
<Dicionario/>
<Fonte Estilo="1" Nome="Arial" Tamanho="12"/>
<Ancorado Valor="false"/>
<DirecaoFromInspector Valor="0"/>
<Autosize Valor="true"/>
<Identificador Valor="false"/>
<Opcional Valor="false"/>
<Multivalorado Valor="false"/>
<CardMinFromString Valor="1"/>
<CardMaxFromString Valor="n"/>
<TipoAtributo Valor="VARCHAR(256)"/>
</Atributo>
<Atributo ID="279">
<Bounds Height="14" Left="949" Top="231" Width="103"/>
<DisablePainted Valor="false"/>
<Texto>id_funcionario</Texto>
<Observacao/>
<Dicionario/>
<Fonte Estilo="1" Nome="Arial" Tamanho="12"/>
<Ancorado Valor="false"/>
<DirecaoFromInspector Valor="0"/>
<Autosize Valor="true"/>
<Identificador Valor="true"/>
<Opcional Valor="false"/>
<Multivalorado Valor="false"/>
<CardMinFromString Valor="1"/>
<CardMaxFromString Valor="n"/>
<TipoAtributo Valor="INTEGER"/>
</Atributo>
<Atributo ID="281">
<Bounds Height="14" Left="949" Top="280" Width="40"/>
<DisablePainted Valor="false"/>
<Texto>cpf</Texto>
<Observacao/>
<Dicionario/>
<Fonte Estilo="1" Nome="Arial" Tamanho="12"/>
<Ancorado Valor="false"/>
<DirecaoFromInspector Valor="0"/>
<Autosize Valor="true"/>
<Identificador Valor="false"/>
<Opcional Valor="false"/>
<Multivalorado Valor="false"/>
<CardMinFromString Valor="1"/>
<CardMaxFromString Valor="n"/>
<TipoAtributo Valor="VARCHAR(11)"/>
</Atributo>
<Atributo ID="287">
<Bounds Height="14" Left="947" Top="317" Width="68"/>
<DisablePainted Valor="false"/>
<Texto>telefone</Texto>
<Observacao/>
<Dicionario/>
<Fonte Estilo="1" Nome="Arial" Tamanho="12"/>
<Ancorado Valor="false"/>
<DirecaoFromInspector Valor="0"/>
<Autosize Valor="true"/>
<Identificador Valor="false"/>
<Opcional Valor="false"/>
<Multivalorado Valor="false"/>
<CardMinFromString Valor="1"/>
<CardMaxFromString Valor="n"/>
<TipoAtributo Valor="VARCHAR(11)"/>
</Atributo>
<Atributo ID="288">
<Bounds Height="14" Left="948" Top="299" Width="121"/>
<DisablePainted Valor="false"/>
<Texto>data_nascimento</Texto>
<Observacao/>
<Dicionario/>
<Fonte Estilo="1" Nome="Arial" Tamanho="12"/>
<Ancorado Valor="false"/>
<DirecaoFromInspector Valor="0"/>
<Autosize Valor="true"/>
<Identificador Valor="false"/>
<Opcional Valor="false"/>
<Multivalorado Valor="false"/>
<CardMinFromString Valor="1"/>
<CardMaxFromString Valor="n"/>
<TipoAtributo Valor="DATE"/>
</Atributo>
<Atributo ID="289">
<Bounds Height="14" Left="949" Top="263" Width="116"/>
<DisablePainted Valor="false"/>
<Texto>data_contratado</Texto>
<Observacao/>
<Dicionario/>
<Fonte Estilo="1" Nome="Arial" Tamanho="12"/>
<Ancorado Valor="false"/>
<DirecaoFromInspector Valor="0"/>
<Autosize Valor="true"/>
<Identificador Valor="false"/>
<Opcional Valor="false"/>
<Multivalorado Valor="false"/>
<CardMinFromString Valor="1"/>
<CardMaxFromString Valor="n"/>
<TipoAtributo Valor="DATE"/>
</Atributo>
<Atributo ID="290">
<Bounds Height="14" Left="947" Top="333" Width="53"/>
<DisablePainted Valor="false"/>
<Texto>email</Texto>
<Observacao/>
<Dicionario/>
<Fonte Estilo="1" Nome="Arial" Tamanho="12"/>
<Ancorado Valor="false"/>
<DirecaoFromInspector Valor="0"/>
<Autosize Valor="true"/>
<Identificador Valor="false"/>
<Opcional Valor="false"/>
<Multivalorado Valor="false"/>
<CardMinFromString Valor="1"/>
<CardMaxFromString Valor="n"/>
<TipoAtributo Valor="VARCHAR(100)"/>
</Atributo>
<Atributo ID="291">
<Bounds Height="14" Left="946" Top="349" Width="76"/>
<DisablePainted Valor="false"/>
<Texto>endereco</Texto>
<Observacao/>
<Dicionario/>
<Fonte Estilo="1" Nome="Arial" Tamanho="12"/>
<Ancorado Valor="false"/>
<DirecaoFromInspector Valor="0"/>
<Autosize Valor="true"/>
<Identificador Valor="false"/>
<Opcional Valor="false"/>
<Multivalorado Valor="false"/>
<CardMinFromString Valor="1"/>
<CardMaxFromString Valor="n"/>
<TipoAtributo Valor="VARCHAR(256)"/>
</Atributo>
<Ligacao ID="307">
<DisablePainted Valor="false"/>
<Tag LinhaMestre="-1"/>
<Dashed Valor="false"/>
<Ancorado Valor="false"/>
<TemSetaPontaA Valor="false"/>
<TemSetaPontaB Valor="false"/>
<SetaAberta Valor="true"/>
<SetaLargura Valor="10"/>
<Inteligente Valor="true"/>
<Largura Valor="1"/>
<Ligacoes PontaA="288" PontaB="5"/>
<Pontos>
<Ponto Left="945" Top="303"/>
<Ponto Left="920" Top="303"/>
<Ponto Left="920" Top="306"/>
<Ponto Left="896" Top="306"/>
</Pontos>
</Ligacao>
<Ligacao ID="309">
<DisablePainted Valor="false"/>
<Tag LinhaMestre="-1"/>
<Dashed Valor="false"/>
<Ancorado Valor="false"/>
<TemSetaPontaA Valor="false"/>
<TemSetaPontaB Valor="false"/>
<SetaAberta Valor="true"/>
<SetaLargura Valor="10"/>
<Inteligente Valor="true"/>
<Largura Valor="1"/>
<Ligacoes PontaA="287" PontaB="5"/>
<Pontos>
<Ponto Left="944" Top="321"/>
<Ponto Left="920" Top="321"/>
<Ponto Left="920" Top="313"/>
<Ponto Left="896" Top="313"/>
</Pontos>
</Ligacao>
<Ligacao ID="310">
<DisablePainted Valor="false"/>
<Tag LinhaMestre="-1"/>
<Dashed Valor="false"/>
<Ancorado Valor="false"/>
<TemSetaPontaA Valor="false"/>
<TemSetaPontaB Valor="false"/>
<SetaAberta Valor="true"/>
<SetaLargura Valor="10"/>
<Inteligente Valor="true"/>
<Largura Valor="1"/>
<Ligacoes PontaA="290" PontaB="5"/>
<Pontos>
<Ponto Left="944" Top="337"/>
<Ponto Left="889" Top="337"/>
<Ponto Left="889" Top="321"/>
</Pontos>
</Ligacao>
<Ligacao ID="311">
<DisablePainted Valor="false"/>
<Tag LinhaMestre="-1"/>
<Dashed Valor="false"/>
<Ancorado Valor="false"/>
<TemSetaPontaA Valor="false"/>
<TemSetaPontaB Valor="false"/>
<SetaAberta Valor="true"/>
<SetaLargura Valor="10"/>
<Inteligente Valor="true"/>
<Largura Valor="1"/>
<Ligacoes PontaA="291" PontaB="5"/>
<Pontos>
<Ponto Left="943" Top="353"/>
<Ponto Left="870" Top="353"/>
<Ponto Left="870" Top="321"/>
</Pontos>
</Ligacao>
<Ligacao ID="328">
<DisablePainted Valor="false"/>
<Tag LinhaMestre="-1"/>
<Dashed Valor="false"/>
<Ancorado Valor="false"/>
<TemSetaPontaA Valor="false"/>
<TemSetaPontaB Valor="false"/>
<SetaAberta Valor="true"/>
<SetaLargura Valor="10"/>
<Inteligente Valor="true"/>
<Largura Valor="1"/>
<Ligacoes PontaA="289" PontaB="5"/>
<Pontos>
<Ponto Left="945" Top="267"/>
<Ponto Left="921" Top="267"/>
<Ponto Left="921" Top="278"/>
<Ponto Left="896" Top="278"/>
</Pontos>
</Ligacao>
<Ligacao ID="329">
<DisablePainted Valor="false"/>
<Tag LinhaMestre="-1"/>
<Dashed Valor="false"/>
<Ancorado Valor="false"/>
<TemSetaPontaA Valor="false"/>
<TemSetaPontaB Valor="false"/>
<SetaAberta Valor="true"/>
<SetaLargura Valor="10"/>
<Inteligente Valor="true"/>
<Largura Valor="1"/>
<Ligacoes PontaA="281" PontaB="5"/>
<Pontos>
<Ponto Left="946" Top="284"/>
<Ponto Left="921" Top="284"/>
<Ponto Left="921" Top="284"/>
<Ponto Left="896" Top="284"/>
</Pontos>
</Ligacao>
<Ligacao ID="330">
<DisablePainted Valor="false"/>
<Tag LinhaMestre="-1"/>
<Dashed Valor="false"/>
<Ancorado Valor="false"/>
<TemSetaPontaA Valor="false"/>
<TemSetaPontaB Valor="false"/>
<SetaAberta Valor="true"/>
<SetaLargura Valor="10"/>
<Inteligente Valor="true"/>
<Largura Valor="1"/>
<Ligacoes PontaA="278" PontaB="5"/>
<Pontos>
<Ponto Left="945" Top="250"/>
<Ponto Left="888" Top="250"/>
<Ponto Left="888" Top="262"/>
</Pontos>
</Ligacao>
<Ligacao ID="331">
<DisablePainted Valor="false"/>
<Tag LinhaMestre="-1"/>
<Dashed Valor="false"/>
<Ancorado Valor="false"/>
<TemSetaPontaA Valor="false"/>
<TemSetaPontaB Valor="false"/>
<SetaAberta Valor="true"/>
<SetaLargura Valor="10"/>
<Inteligente Valor="true"/>
<Largura Valor="1"/>
<Ligacoes PontaA="279" PontaB="5"/>
<Pontos>
<Ponto Left="945" Top="235"/>
<Ponto Left="874" Top="235"/>
<Ponto Left="874" Top="262"/>
</Pontos>
</Ligacao>
<Atributo ID="360">
<Bounds Height="14" Left="922" Top="141" Width="61"/>
<DisablePainted Valor="false"/>
<Texto>salario</Texto>
<Observacao/>
<Dicionario/>
<Fonte Estilo="1" Nome="Arial" Tamanho="12"/>
<Ancorado Valor="false"/>
<DirecaoFromInspector Valor="0"/>
<Autosize Valor="true"/>
<Identificador Valor="false"/>
<Opcional Valor="false"/>
<Multivalorado Valor="false"/>
<CardMinFromString Valor="1"/>
<CardMaxFromString Valor="n"/>
<TipoAtributo Valor="DOUBLE"/>
</Atributo>
<Ligacao ID="361">
<DisablePainted Valor="false"/>
<Tag LinhaMestre="-1"/>
<Dashed Valor="false"/>
<Ancorado Valor="false"/>
<TemSetaPontaA Valor="false"/>
<TemSetaPontaB Valor="false"/>
<SetaAberta Valor="true"/>
<SetaLargura Valor="10"/>
<Inteligente Valor="true"/>
<Largura Valor="1"/>
<Ligacoes PontaA="360" PontaB="14"/>
<Pontos>
<Ponto Left="918" Top="145"/>
<Ponto Left="907" Top="145"/>
<Ponto Left="907" Top="145"/>
<Ponto Left="895" Top="145"/>
</Pontos>
</Ligacao>
<Atributo ID="363">
<Bounds Height="14" Left="529" Top="291" Width="77"/>
<DisablePainted Valor="false"/>
<Texto>id_pedido</Texto>
<Observacao/>
<Dicionario/>
<Fonte Estilo="1" Nome="Arial" Tamanho="12"/>
<Ancorado Valor="false"/>
<DirecaoFromInspector Valor="0"/>
<Autosize Valor="true"/>
<Identificador Valor="true"/>
<Opcional Valor="false"/>
<Multivalorado Valor="false"/>
<CardMinFromString Valor="1"/>
<CardMaxFromString Valor="n"/>
<TipoAtributo Valor="INTEGER"/>
</Atributo>
<Ligacao ID="364">
<DisablePainted Valor="false"/>
<Tag LinhaMestre="-1"/>
<Dashed Valor="false"/>
<Ancorado Valor="false"/>
<TemSetaPontaA Valor="false"/>
<TemSetaPontaB Valor="false"/>
<SetaAberta Valor="true"/>
<SetaLargura Valor="10"/>
<Inteligente Valor="true"/>
<Largura Valor="1"/>
<Ligacoes PontaA="363" PontaB="65"/>
<Pontos>
<Ponto Left="525" Top="295"/>
<Ponto Left="515" Top="295"/>
<Ponto Left="515" Top="352"/>
</Pontos>
</Ligacao>
<Atributo ID="365">
<Bounds Height="14" Left="539" Top="306" Width="47"/>
<DisablePainted Valor="false"/>
<Texto>data</Texto>
<Observacao/>
<Dicionario/>
<Fonte Estilo="1" Nome="Arial" Tamanho="12"/>
<Ancorado Valor="false"/>
<DirecaoFromInspector Valor="0"/>
<Autosize Valor="true"/>
<Identificador Valor="false"/>
<Opcional Valor="false"/>
<Multivalorado Valor="false"/>
<CardMinFromString Valor="1"/>
<CardMaxFromString Valor="n"/>
<TipoAtributo Valor="DATE"/>
</Atributo>
<Ligacao ID="366">
<DisablePainted Valor="false"/>
<Tag LinhaMestre="-1"/>
<Dashed Valor="false"/>
<Ancorado Valor="false"/>
<TemSetaPontaA Valor="false"/>
<TemSetaPontaB Valor="false"/>
<SetaAberta Valor="true"/>
<SetaLargura Valor="10"/>
<Inteligente Valor="true"/>
<Largura Valor="1"/>
<Ligacoes PontaA="365" PontaB="65"/>
<Pontos>
<Ponto Left="535" Top="310"/>
<Ponto Left="526" Top="310"/>
<Ponto Left="526" Top="335"/>
<Ponto Left="526" Top="335"/>
<Ponto Left="526" Top="352"/>
</Pontos>
</Ligacao>
<Atributo ID="367">
<Bounds Height="14" Left="552" Top="324" Width="82"/>
<DisablePainted Valor="false"/>
<Texto>valor_total</Texto>
<Observacao/>
<Dicionario/>
<Fonte Estilo="1" Nome="Arial" Tamanho="12"/>
<Ancorado Valor="false"/>
<DirecaoFromInspector Valor="0"/>
<Autosize Valor="true"/>
<Identificador Valor="false"/>
<Opcional Valor="false"/>
<Multivalorado Valor="false"/>
<CardMinFromString Valor="1"/>
<CardMaxFromString Valor="n"/>
<TipoAtributo Valor="DOUBLE"/>
</Atributo>
<Ligacao ID="368">
<DisablePainted Valor="false"/>
<Tag LinhaMestre="-1"/>
<Dashed Valor="false"/>
<Ancorado Valor="false"/>
<TemSetaPontaA Valor="false"/>
<TemSetaPontaB Valor="false"/>
<SetaAberta Valor="true"/>
<SetaLargura Valor="10"/>
<Inteligente Valor="true"/>
<Largura Valor="1"/>
<Ligacoes PontaA="367" PontaB="65"/>
<Pontos>
<Ponto Left="548" Top="328"/>
<Ponto Left="539" Top="328"/>
<Ponto Left="539" Top="344"/>
<Ponto Left="539" Top="344"/>
<Ponto Left="539" Top="352"/>
</Pontos>
</Ligacao>
</DIAGRAMA>
